タイトル,リンク,Column
20210721_Githubのorganaizationとは_杉田,https://drive.google.com/drive/folders/1JuUVluviojlkOyr0Tn0hwf_a28d9aWK2,
20210728_リスト探索アルゴリズム_三浦,https://drive.google.com/drive/folders/1ylC_MZfOIc3TKYDpsYdGTLQoLw2ypf_A,
20210730_心理的安全性のレシピ_森,https://drive.google.com/drive/folders/1l21v5qN44Dp0_r-7fGqJGiOseEBYKPOV,
20210804_ロジカルシンキング_田邊,https://drive.google.com/drive/folders/1X0xmzfXrhmTtvsxvbFiVKBJAR6YauyDI,
20210811_基本情報技術者試験_溜島,https://drive.google.com/drive/folders/1jLNHr8pGUnxdTjxHaC8USTqN0n4L1Aat,
20210813_在宅勤務におけるストレスについて_川原,https://drive.google.com/drive/folders/1wvi9YGiYWblOp1H8ebk8Dtz35TtA8bmI,
20210818_AIの歴史と活用_蒔田陸,https://drive.google.com/drive/folders/1qYIwXuRbia_tj3twTiUzHp_LpQJNJ2-j,
20210827_動的計画法（メモ化再帰）_三浦,https://drive.google.com/drive/folders/16pz1dsPT3jHGwNKVLi6Sc96-pZhB0b6M,
20210901_デザイン4原則_森,https://drive.google.com/drive/folders/1JgGrvkd3HFJp5Mj1MU85iqUqewIAmnYi,
20210903_PHP標準コーディング規約_田邉,https://drive.google.com/drive/folders/1JMoe7DZu8uyplG8yNPMax_jScDIk1ytW,
20210908_基本情報技術者試験_溜島,https://drive.google.com/drive/folders/1lHaRQfzdHGThBS9IZRRr9pbDKHvRcdbD,
20210910_xRとメタバース_川原,https://drive.google.com/drive/folders/1tDyk0xCplFqhfzViV7qx4BuZCbQTdze-,
20210912_ライセンス_蒔田,https://drive.google.com/drive/folders/1Dqym9V5FZsQR0yxNTQu2Y6ES32qGevgP,
20210922_docker2回目_杉田,https://drive.google.com/drive/folders/1-PWFH28ZjLhZ7PbDJuSQaH5P-wfs3P2X,
20210924_動的計画法（ナップサック問題）_三浦,https://drive.google.com/drive/folders/1tKaK_PKAl5O9zpsQD-6_qDArvRuAzn7K,
20211022_レトロスペクティブ_田邊,https://drive.google.com/drive/folders/1HO5f6cKey4FykEF4y12VCdW-4Y-tOWtk,
20211029_基本情報技術者試験_溜島,https://drive.google.com/drive/folders/1YoXTRnCKIKfcllZmHtw1uZzX_E7w0ytC,
20211105_figmaの使い方_蒔田,https://drive.google.com/drive/folders/1VBxvkc9Az5ZQtlSqJEGLM8mC4T41x8kj,
20211126_正規表現（基礎）_三浦,https://drive.google.com/drive/folders/1rE99MOqDOOy-3-uzZ6avD0f1dH_6y-8L,
20211203_SQL基礎_北村,https://drive.google.com/drive/folders/1SdKhXr-03SaadSqZzScB6EK08_lkb2QW,
20211210_アプリ連携プログラミング_森,https://drive.google.com/drive/folders/1ybyIdldF5L_ktLaMaHvA-6rOM7B-Wu1M,
勉強会資料一覧,https://docs.google.com/spreadsheets/d/1ecGMd258j-R7qYoChicKbZwCSZ6Ef3Q8TvoWLUL0av0/edit?usp=drivesdk,