Name,Created,プロパティ,未発表
AWS,2022年4月7日 14:21,,
コネクションプーリング,2022年3月24日 12:59,,
AWS単語帳,2022年1月24日 18:33,,
ブルーグリーンデプロイメント,2022年1月31日 18:41,,
CloudWatch,2022年3月7日 18:34,,
ワーカー環境,2022年1月24日 18:49,,
Key Management Service (KMS),2022年3月7日 18:34,,
Secret Manager,2022年3月9日 18:49,,
Cognito,2022年3月9日 18:49,,
S3,2022年3月9日 18:49,,
RDS,2022年3月9日 18:49,,未発表
CodeDeploy,2022年3月9日 18:50,,未発表
IAM,2022年3月9日 18:51,,未発表
Lambda,2022年3月9日 18:51,,未発表
Forecast,2022年3月9日 18:53,,未発表
WAF,2022年3月9日 18:53,,未発表
VPC,2022年3月9日 18:53,,未発表
EC2,2022年3月9日 18:54,,未発表
ECS,2022年3月9日 18:55,,未発表
AMI,2022年3月9日 18:55,,未発表
Amazon Elasticsearch,2022年3月14日 19:32,,
Athena,2022年6月2日 15:35,,
イノベーション,2022年12月22日 17:14,,
エンゲージメント,2022年12月22日 17:14,,
パフォーマンス,2022年12月22日 17:20,,