Name,Created,未発表
OWASP ZAP,2022年3月24日 12:58,未発表
JMeter,2021年12月13日 12:19,
Postman,2021年12月13日 12:26,
AdminLTE2,2022年1月6日 19:02,
MAMP,2021年12月26日 20:35,
SonarQube,2021年12月13日 11:34,
Circleci,2021年12月19日 16:21,
Teraform,2022年1月31日 18:45,
Elasticsearch,2022年2月21日 18:35,
phpMyAdmin,2021年12月26日 20:41,
newrelic,2021年12月26日 20:38,
Vegeta,2021年12月13日 12:05,
ロジックツリー,2022年1月23日 15:45,
mooos,2021年12月28日 21:18,
"Puppet ",2021年12月23日 11:24,
jira,2022年3月14日 18:34,未発表
redmine,2022年3月14日 18:34,未発表
Microsoft Intune,2022年3月14日 18:34,
hubspot,2022年3月14日 18:36,
SSH KeyGen,2022年4月17日 18:22,
Pandas,2022年6月2日 15:34,