Name,Created,Tags
インバウンドマーケティング,2022年3月23日 18:47,
Quick and Dirty,2022年1月31日 18:40,
SDGs,2022年1月25日 13:05,
ダイバーシティ,2022年1月23日 12:36,
マッチポンプ,2022年1月31日 18:42,
ステマ,2022年1月31日 18:41,
ローコンテクスト,2022年1月23日 12:39,
アジェンダ,2022年1月23日 15:43,
ジャーニーマップ,2021年12月28日 20:59,
ハイコンテクスト,2022年1月23日 12:39,
アウトプットドリブン,2022年1月31日 18:42,
レピュテーションリスク,2022年1月31日 18:41,
雲雨山の論理,2022年1月31日 18:41,
ハレーション,2022年2月4日 18:23,
good & new,2022年1月17日 18:41,
Talk Straight,2022年1月17日 18:43,
BtoC,2022年3月2日 18:50,未発表
BtoB,2022年4月6日 17:44,未発表
サーベイ,2022年4月7日 13:58,未発表
PREP法,2022年1月17日 18:44,
FABE法,2022年4月10日 15:27,未発表
TAPS法,2022年4月10日 15:29,未発表
SDS法,2022年4月10日 15:32,未発表
BEAF法,2022年4月10日 15:33,未発表