Name,Created,Tags,プロパティ,プロパティ 1,プロパティ 2,未発表
bool値,2022年3月9日 18:44,,,,,
CI/CD,2021年12月17日 11:51,,,,,
freeコマンド,2022年2月7日 18:34,,,,,
https://sterfield.co.jp/designer/%E3%83%9E%E3%82%A6%E3%82%B9%E3%81%A8%E3%82%BF%E3%83%83%E3%83%81%E3%81%AE%E3%82%A4%E3%83%99%E3%83%B3%E3%83%88%E3%81%AFhammer-js%E3%81%8C%E4%BE%BF%E5%88%A9/,2022年1月8日 21:16,,,,,
JSON,2022年3月7日 18:33,,,,,
Log4j,2021年12月15日 18:33,,,,,
XML,2022年3月9日 18:45,,,,,
xseeds hub,2021年12月28日 21:20,,,,,
アトミック,2022年3月14日 18:39,,,,,
オブジェクト,2022年3月9日 18:47,,,,,
スクラムマスター,2021年12月13日 11:34,,,,,
ドライラン,2022年3月23日 12:15,未発表,,,,
ヒューマンクレスト,2021年12月13日 11:38,,,,,
ブロックチェーン,2021年12月28日 21:14,,,,,
CSV,2022年4月15日 14:33,未発表,,,,
Nuxt.js,2022年4月28日 15:20,,,,,未発表
Nginx,2022年4月28日 15:21,,,,,
QA,2022年7月12日 15:56,,,,,
SRE,2022年7月12日 15:59,,,,,
ERP,2022年12月22日 14:19,,,,,
CRM,2022年12月22日 14:21,,,,,
サーベイ,2022年12月22日 15:56,,,,,
リサーチ,2022年12月22日 15:56,,,,,
アンケート,2022年12月22日 15:56,,,,,
モダナイゼーション,2022年12月23日 11:53,,,,,
テーラリング,2022年12月23日 11:54,,,,,